{"cameraMode":{"drawMode":0,"name":"Shaded","section":"Shading Mode"},"sceneLighting":false,"audioPlay":false,"sceneViewState":{"m_AlwaysRefresh":false,"showFog":true,"showSkybox":false,"showFlares":true,"showImageEffects":true,"showParticleSystems":true,"showVisualEffectGraphs":true,"m_FxEnabled":true},"in2DMode":false,"pivot":{"x":-0.014607518911361695,"y":0.7167195081710815,"z":-0.043121337890625},"rotation":{"x":-0.1034482792019844,"y":-0.15950827300548554,"z":0.016847636550664903,"w":-0.9816766381263733},"size":0.7632067203521729,"orthographic":true}