{"cameraMode":{"drawMode":0,"name":"Shaded","section":"Shading Mode"},"sceneLighting":false,"audioPlay":false,"sceneViewState":{"m_AlwaysRefresh":false,"showFog":true,"showSkybox":false,"showFlares":true,"showImageEffects":true,"showParticleSystems":true,"showVisualEffectGraphs":true,"m_FxEnabled":true},"in2DMode":false,"pivot":{"x":0.6127629280090332,"y":0.48991698026657107,"z":-1.2770702838897706},"rotation":{"x":0.4862186908721924,"y":0.20699329674243928,"z":-0.10788638144731522,"w":0.8437132239341736},"size":0.4059199094772339,"orthographic":true}