{"cameraMode":{"drawMode":0,"name":"Shaded","section":"Shading Mode"},"sceneLighting":true,"audioPlay":false,"sceneViewState":{"m_AlwaysRefresh":false,"showFog":true,"showSkybox":true,"showFlares":true,"showImageEffects":true,"showParticleSystems":true,"showVisualEffectGraphs":true,"m_FxEnabled":true},"in2DMode":false,"pivot":{"x":-1.9553651809692383,"y":-2.508392810821533,"z":115.51702880859375},"rotation":{"x":-0.3118859529495239,"y":0.07251124083995819,"z":-0.023613734170794488,"w":-0.9474377036094666},"size":3.5138533115386965,"orthographic":true}