{"cameraMode":{"drawMode":0,"name":"Shaded","section":"Shading Mode"},"sceneLighting":true,"audioPlay":false,"sceneViewState":{"m_AlwaysRefresh":false,"showFog":true,"showSkybox":true,"showFlares":true,"showImageEffects":true,"showParticleSystems":true,"showVisualEffectGraphs":true,"m_FxEnabled":true},"in2DMode":false,"pivot":{"x":2.034480094909668,"y":-1.538970947265625,"z":102.50852966308594},"rotation":{"x":-0.024181222543120385,"y":0.34991806745529177,"z":-0.009018274955451489,"w":-0.9364531636238098},"size":11.553584098815918,"orthographic":true}