{"cameraMode":{"drawMode":0,"name":"Shaded","section":"Shading Mode"},"sceneLighting":true,"audioPlay":false,"sceneViewState":{"m_AlwaysRefresh":false,"showFog":true,"showSkybox":true,"showFlares":true,"showImageEffects":true,"showParticleSystems":true,"showVisualEffectGraphs":true,"m_FxEnabled":true},"in2DMode":false,"pivot":{"x":-3.5388970375061037,"y":-1.5099703073501588,"z":112.73873901367188},"rotation":{"x":0.11768311262130737,"y":0.19818180799484254,"z":-0.02250818721950054,"w":0.9736282825469971},"size":2.2415273189544679,"orthographic":true}