{"cameraMode":{"drawMode":0,"name":"Shaded","section":"Shading Mode"},"sceneLighting":true,"audioPlay":false,"sceneViewState":{"m_AlwaysRefresh":false,"showFog":true,"showSkybox":true,"showFlares":true,"showImageEffects":true,"showParticleSystems":true,"showVisualEffectGraphs":true,"m_FxEnabled":true},"in2DMode":false,"pivot":{"x":-2.731630325317383,"y":0.20609724521636964,"z":114.2817153930664},"rotation":{"x":-0.19465233385562898,"y":-0.39681413769721987,"z":0.08665738254785538,"w":-0.8939606547355652},"size":2.453608512878418,"orthographic":true}