{"cameraMode":{"drawMode":0,"name":"Shaded","section":"Shading Mode"},"sceneLighting":true,"audioPlay":false,"sceneViewState":{"m_AlwaysRefresh":false,"showFog":true,"showSkybox":true,"showFlares":true,"showImageEffects":true,"showParticleSystems":true,"showVisualEffectGraphs":true,"m_FxEnabled":true},"in2DMode":false,"pivot":{"x":-2.7899999618530275,"y":-1.4032301902770997,"z":112.84999084472656},"rotation":{"x":0.05530666559934616,"y":-0.024244211614131929,"z":0.010460803285241127,"w":0.9995155334472656},"size":17.930946350097658,"orthographic":true}