{"cameraMode":{"drawMode":0,"name":"Shaded","section":"Shading Mode"},"sceneLighting":true,"audioPlay":false,"sceneViewState":{"m_AlwaysRefresh":false,"showFog":true,"showSkybox":true,"showFlares":true,"showImageEffects":true,"showParticleSystems":true,"showVisualEffectGraphs":true,"m_FxEnabled":true},"in2DMode":false,"pivot":{"x":0.28989410400390627,"y":-6.546855926513672,"z":107.03866577148438},"rotation":{"x":0.4673190116882324,"y":0.10300318151712418,"z":-0.054927196353673938,"w":0.8763481378555298},"size":48.07316589355469,"orthographic":false}