{"cameraMode":{"drawMode":0,"name":"Shaded","section":"Shading Mode"},"sceneLighting":true,"audioPlay":false,"sceneViewState":{"m_AlwaysRefresh":false,"showFog":true,"showSkybox":true,"showFlares":true,"showImageEffects":true,"showParticleSystems":true,"showVisualEffectGraphs":true,"m_FxEnabled":true},"in2DMode":false,"pivot":{"x":-2.383549213409424,"y":-0.36085280776023867,"z":113.98499298095703},"rotation":{"x":0.1914156675338745,"y":0.27816280722618105,"z":-0.041963934898376468,"w":0.9418511986732483},"size":4.341358661651611,"orthographic":true}