{"cameraMode":{"drawMode":0,"name":"Shaded","section":"Shading Mode"},"sceneLighting":true,"audioPlay":false,"sceneViewState":{"m_AlwaysRefresh":false,"showFog":true,"showSkybox":true,"showFlares":true,"showImageEffects":true,"showParticleSystems":true,"showVisualEffectGraphs":true,"m_FxEnabled":true},"in2DMode":false,"pivot":{"x":2.5378589630126955,"y":3.639193534851074,"z":86.28423309326172},"rotation":{"x":-0.004807394463568926,"y":-0.0353962704539299,"z":0.00016180143575184047,"w":-0.9993758797645569},"size":26.87265396118164,"orthographic":false}