{"cameraMode":{"drawMode":0,"name":"Shaded","section":"Shading Mode"},"sceneLighting":false,"audioPlay":false,"sceneViewState":{"m_AlwaysRefresh":false,"showFog":true,"showSkybox":false,"showFlares":true,"showImageEffects":true,"showParticleSystems":true,"showVisualEffectGraphs":true,"m_FxEnabled":true},"in2DMode":false,"pivot":{"x":-0.7462207674980164,"y":1.3224290609359742,"z":-2.1033737659454347},"rotation":{"x":0.4862186908721924,"y":0.20699329674243928,"z":-0.10788638144731522,"w":0.8437132239341736},"size":0.3372713029384613,"orthographic":true}